zdaid;zdaversion;zdacreated;zdachanged;zdaname;zdaxepsg2154;zdayepsg2154;zdcid;zdapostalregion;zdatown;zdatype
43188;1836216-1805091;2014-12-29T00:00:00+00:00;2026-08-31T08:20:39+00:00;Sainte-Geneviève-des-Bois;649393;6839418;60785;91549;Sainte-Geneviève-des-Bois;railStation
58955;1835300-1088373;2014-12-29T00:00:00+00:00;2026-08-25T13:25:52+00:00;Dordives;682348;6783086;74077;45127;Dordives;railStation
411387;1835295-1106616;2015-01-26T00:00:00+00:00;2026-08-25T13:15:33+00:00;Ormoy-Villers;688191;6900122;411388;60479;Ormoy-Villers;railStation
411378;1835230-1088971;2015-01-26T00:00:00+00:00;2026-08-25T09:08:45+00:00;Château-Thierry;729943;6882083;411379;02168;Château-Thierry;railStation
411372;1835227-1095721;2015-01-26T00:00:00+00:00;2026-08-25T09:06:20+00:00;La Ferté-Milon;708799;6897772;411373;02307;La Ferté-Milon;railStation
47889;1108113-1106007;2014-12-29T00:00:00+00:00;2026-08-06T09:55:17+00:00;Saint-Rémy-lès-Chevreuse;631664;6845134;62978;78575;Saint-Rémy-lès-Chevreuse;railStation
43171;1809753-1809754;2014-12-29T15:31:51+00:00;2026-06-23T09:32:56+00:00;Nanterre - Ville;640987;6866413;70940;92050;Nanterre;railStation
46222;1802196-73482;2014-12-29T15:31:51+00:00;2026-05-29T09:26:03+00:00;Vert-Galant;668238;6871656;73482;93078;Villepinte;railStation
47767;1801067-1209690;2014-12-29T00:00:00+00:00;2026-05-20T09:26:03+00:00;Sèvres - Ville-d'Avray;641322;6858874;70686;92072;Sèvres;railStation
43170;1801062-70956;2014-12-29T15:31:51+00:00;2026-05-20T09:24:31+00:00;Nanterre Université;642344;6867079;70956;92050;Nanterre;railStation
47937;1801056-1097915;2014-12-29T00:00:00+00:00;2026-05-20T09:22:11+00:00;L'Étang-la-Ville;632284;6863524;73603;78224;L'Étang-la-Ville;railStation
47969;1801055-72177;2014-12-29T15:31:51+00:00;2026-05-20T09:21:46+00:00;Les Vallées;645558;6868440;72177;92025;Colombes;railStation
43118;1801041-1091435;2014-12-29T00:00:00+00:00;2026-05-20T09:16:31+00:00;Courbevoie;644955;6866774;73614;92026;Courbevoie;railStation
43069;1801026-1119704;2014-12-29T00:00:00+00:00;2026-05-20T09:10:50+00:00;Asnières-sur-Seine;647457;6867558;72132;92004;Asnières-sur-Seine;railStation
474082;1328422-1328423;2019-03-27T00:00:00+00:00;2026-04-23T15:28:39+00:00;Noisy-le-Grand - Mont d'Est;666884;6860187;412697;93051;Noisy-le-Grand;railStation
462398;1597421-1158438;2018-09-25T00:00:00+00:00;2024-07-30T03:15:28+00:00;Aéroport CDG 1 (Terminal 3) - RER;667913;6878965;73596;93073;Tremblay-en-France;railStation
473364;1570787-1804174;2019-03-13T00:00:00+00:00;2024-05-14T06:53:43+00:00;Aéroport Charles de Gaulle 2 (Terminal 2);668610;6878333;73699;93073;Tremblay-en-France;railStation
43147;1570782-1095944;2014-12-29T00:00:00+00:00;2024-05-14T06:44:57+00:00;La Verrière;622299;6851082;63426;78644;La Verrière;railStation
58267;1570778-73098;2014-12-29T15:31:51+00:00;2024-05-14T06:42:37+00:00;Les Boullereaux Champigny;664171;6858422;73098;94017;Champigny-sur-Marne;railStation
47684;1570775-1119741;2014-12-29T00:00:00+00:00;2024-05-14T06:41:09+00:00;Montgeron - Crosne;660367;6845532;63072;91421;Montgeron;railStation
43164;1570766-1119737;2014-12-29T00:00:00+00:00;2024-05-14T06:34:46+00:00;Mitry - Claye;673809;6875149;69065;77294;Mitry-Mory;railStation
47052;1328390-1328391;2014-12-29T00:00:00+00:00;2024-04-11T08:09:37+00:00;Courcelle-sur-Yvette;633600;6844953;62951;91272;Gif-sur-Yvette;railStation
47238;1105546-1105547;2014-12-29T00:00:00+00:00;2024-04-11T08:09:37+00:00;Fontenay-sous-Bois;660628;6860549;71630;94033;Fontenay-sous-Bois;railStation
47886;1105640-1105641;2014-12-29T00:00:00+00:00;2024-04-11T08:09:37+00:00;Nogent-sur-Marne;661219;6859491;71590;94052;Nogent-sur-Marne;railStation
43124;43124-69647;2014-12-29T15:31:51+00:00;2024-04-11T08:09:37+00:00;Fontaine Michalon;648229;6849445;69647;92002;Antony;railStation
43103;1105883-1105885;2014-12-29T00:00:00+00:00;2024-04-11T08:09:37+00:00;Bures-sur-Yvette;638497;6844332;62851;91122;Bures-sur-Yvette;railStation
43237;1105837-1105838;2014-12-29T00:00:00+00:00;2024-04-11T08:09:37+00:00;Le Vésinet - Le Pecq;635640;6866796;64582;78650;Le Vésinet;railStation
43232;43232-63025;2014-12-29T15:31:51+00:00;2024-04-11T08:09:37+00:00;Le Guichet;640614;6845343;63025;91471;Orsay;railStation
43224;1105823-1105822;2014-12-29T00:00:00+00:00;2024-04-11T08:09:37+00:00;Vincennes;658359;6860961;71651;94080;Vincennes;railStation
43198;1105680-1105679;2014-12-29T00:00:00+00:00;2024-04-11T08:09:37+00:00;Saint-Germain-en-Laye;633655;6866906;64589;78551;Saint-Germain-en-Laye;railStation
53783;1368245-1368244;2014-12-29T00:00:00+00:00;2024-04-11T08:09:37+00:00;Chatou - Croissy;638103;6865351;64483;78146;Chatou;railStation
47916;1549390-1549389;2014-12-29T00:00:00+00:00;2024-02-09T12:01:45+00:00;Andrésy;630356;6875383;65542;78015;Andrésy;railStation
43222;1119885-917049;2014-12-29T00:00:00+00:00;2022-02-16T10:25:50+00:00;Villiers-le-Bel - Gonesse - Arnouville;657281;6877252;66009;95019;Arnouville;railStation
43163;43163-70412;2014-12-29T15:31:51+00:00;2022-02-16T10:22:22+00:00;Meudon Val Fleury;644253;6856654;70412;92048;Meudon;railStation
473109;1087326-1087313;2019-03-11T00:00:00+00:00;2022-01-24T17:49:49+00:00;Maisons-Laffitte;637350;6872092;65048;78358;Maisons-Laffitte;railStation
45067;1109914-1209691;2014-12-29T00:00:00+00:00;2022-01-19T15:38:58+00:00;Villeneuve-Saint-Georges;659275;6847915;69568;94078;Villeneuve-Saint-Georges;railStation
46568;1347555-1097365;2014-12-29T00:00:00+00:00;2021-10-25T16:59:15+00:00;Roissy-en-Brie;674328;6855118;67839;77390;Roissy-en-Brie;railStation
470519;1090150-1113509;2019-03-06T00:00:00+00:00;2021-10-22T19:43:22+00:00;Gare de l'Est;653083;6864473;71359;75110;Paris 10e;railStation
47967;47967-61850;2014-12-29T15:31:51+00:00;2021-10-22T10:59:57+00:00;Vosves;670414;6823945;61850;77152;Dammarie-les-Lys;railStation
46375;1100709-1100710;2014-12-29T00:00:00+00:00;2021-10-22T10:59:55+00:00;Vitry-sur-Seine;656126;6855744;70313;94081;Vitry-sur-Seine;railStation
43225;1110009-1106569;2014-12-29T00:00:00+00:00;2021-10-22T10:59:51+00:00;Viry-Châtillon;654868;6841925;60981;91687;Viry-Châtillon;railStation
47522;47522-67072;2014-12-29T15:31:51+00:00;2021-10-22T10:59:33+00:00;Villaines;652550;6886797;67072;95660;Villaines-sous-Bois;railStation
47187;1100033-1549499;2014-12-29T00:00:00+00:00;2021-10-22T10:59:24+00:00;Verneuil-l'Étang;687113;6838260;62471;77493;Verneuil-l'Étang;railStation
43211;1119868-1119869;2014-12-29T00:00:00+00:00;2021-10-22T10:59:17+00:00;Vaires - Torcy;673426;6863966;68419;77479;Vaires-sur-Marne;railStation
46926;1099752-1099751;2014-12-29T00:00:00+00:00;2021-10-22T10:59:15+00:00;Triel-sur-Seine;627221;6876178;463843;78624;Triel-sur-Seine;railStation
46902;1119866-1119867;2014-12-29T00:00:00+00:00;2021-10-22T10:59:10+00:00;Thun le Paradis;620926;6879070;66334;78401;Meulan-en-Yvelines;railStation
47951;1099291-1099292;2014-12-29T00:00:00+00:00;2021-10-22T10:58:59+00:00;Seugy;656173;6891202;67180;95594;Seugy;railStation
43190;1119847-1119848;2014-12-29T00:00:00+00:00;2021-10-22T10:58:53+00:00;Sarcelles - Saint-Brice;653802;6877549;66079;95539;Saint-Brice-sous-Forêt;railStation
42356;1119929-1119930;2014-12-29T00:00:00+00:00;2021-10-22T10:58:24+00:00;Rosny Bois Perrier;661951;6864854;426280;93064;Rosny-sous-Bois;railStation
58498;58498-73798;2014-12-29T15:31:51+00:00;2021-10-22T10:58:23+00:00;Rosa Parks;654083;6866454;73798;75119;Paris 19e;railStation
427870;1097346-1097298;2018-02-22T00:00:00+00:00;2021-10-22T10:53:30+00:00;Rambouillet;613968;6838821;60665;78517;Rambouillet;railStation
45812;1119823-1119824;2014-12-29T00:00:00+00:00;2021-10-22T10:53:22+00:00;Ponthierry - Pringy;666374;6826191;61976;77407;Saint-Fargeau-Ponthierry;railStation
47595;47595-66952;2014-12-29T15:31:51+00:00;2021-10-22T10:53:22+00:00;Pont Petit;636507;6884906;66952;95572;Saint-Ouen-l'Aumône;railStation
47907;1119821-1754054;2014-12-29T00:00:00+00:00;2021-10-22T10:53:19+00:00;Pont de Rungis Aéroport d'Orly;653915;6849986;69677;94073;Thiais;railStation
43181;1119819-1119820;2014-12-29T00:00:00+00:00;2021-10-22T10:53:15+00:00;Plaisir - Les Clayes;623662;6859478;64195;78490;Plaisir;railStation
57674;57674-63594;2014-12-29T15:31:51+00:00;2021-10-22T10:53:10+00:00;Petit Jouy Les Loges;637300;6852687;63594;78322;Jouy-en-Josas;railStation
43176;1092575-1092576;2014-12-29T00:00:00+00:00;2021-10-22T10:53:08+00:00;Pantin;656087;6866609;72421;93055;Pantin;railStation
51494;1106620-1106622;2014-12-29T00:00:00+00:00;2021-10-22T10:53:06+00:00;Osny;631168;6885183;66977;95476;Osny;railStation
47921;1119796-1119797;2014-12-29T00:00:00+00:00;2021-10-22T10:53:05+00:00;Orgerus - Béhoust;604786;6859289;64175;78465;Orgerus;railStation
46552;1119779-1119780;2014-12-29T00:00:00+00:00;2021-10-22T10:52:59+00:00;Nogent - Le Perreux;662858;6860112;71609;94052;Nogent-sur-Marne;railStation
45705;45705-71269;2014-12-29T15:31:51+00:00;2021-10-22T10:52:48+00:00;Musée d'Orsay;650595;6862469;71269;75107;Paris 7e;railStation
45761;45761-60084;2014-12-29T15:31:51+00:00;2021-10-22T10:52:45+00:00;Moulin Galant;661165;6831982;60084;91174;Corbeil-Essonnes;railStation
43168;1119763-1119764;2014-12-29T00:00:00+00:00;2021-10-22T10:52:41+00:00;Montsoult - Maffliers;650513;6885356;67000;95430;Montsoult;railStation
44161;1119742-1119743;2014-12-29T00:00:00+00:00;2021-10-22T10:52:37+00:00;Montgeroult - Courcelles;627159;6887234;67076;95422;Montgeroult;railStation
47585;1098524-1098525;2014-12-29T00:00:00+00:00;2021-10-22T10:52:28+00:00;Mériel;641948;6886726;67065;95392;Mériel;railStation
43156;1106627-1106626;2014-12-29T00:00:00+00:00;2021-10-22T10:52:13+00:00;Maisse;655103;6810547;59470;91359;Maisse;railStation
47589;1119630-1119631;2014-12-29T00:00:00+00:00;2021-10-22T10:52:02+00:00;L'Isle-Adam - Parmain;642318;6890814;67172;95480;Parmain;railStation
58288;58288-73096;2014-12-29T15:31:51+00:00;2021-10-22T10:51:59+00:00;Les Yvris Noisy-le-Grand;669161;6858198;73096;93051;Noisy-le-Grand;railStation
46163;1096191-1096182;2014-12-29T00:00:00+00:00;2021-10-22T10:51:37+00:00;Le Blanc-Mesnil;661563;6870386;72648;93007;Le Blanc-Mesnil;railStation
43143;1095761-1095762;2014-12-29T00:00:00+00:00;2021-10-22T10:51:27+00:00;La Frette - Montigny;640002;6875861;65659;95257;La Frette-sur-Seine;railStation
43136;1095420-1095421;2014-12-29T00:00:00+00:00;2021-10-22T10:51:15+00:00;Jouy-en-Josas;638585;6851953;63523;78322;Jouy-en-Josas;railStation
46975;1274428-1274429;2014-12-29T00:00:00+00:00;2021-10-22T10:51:11+00:00;Issou - Porcheville;610979;6876171;65668;78314;Issou;railStation
47484;1094973-1094984;2014-12-29T00:00:00+00:00;2021-10-22T10:51:11+00:00;Isles - Armentières - Congis;700576;6877606;69162;77231;Isles-les-Meldeuses;railStation
43133;1092857-1092861;2014-12-29T00:00:00+00:00;2021-10-22T10:50:59+00:00;Groslay;652682;6876241;65749;95288;Groslay;railStation
43130;1092278-1092312;2014-12-29T00:00:00+00:00;2021-10-22T10:40:48+00:00;Gennevilliers;649299;6870538;72303;92036;Gennevilliers;railStation
43123;1115703-1091661;2014-12-29T00:00:00+00:00;2021-10-22T10:40:36+00:00;Fontaine-le-Port;681561;6820817;61767;77188;Fontaine-le-Port;railStation
47911;1119604-1119605;2014-12-29T00:00:00+00:00;2021-10-22T10:40:33+00:00;Fontainebleau - Avon;679783;6812966;61579;77014;Avon;railStation
47199;1119608-1119609;2014-12-29T00:00:00+00:00;2021-10-22T10:40:31+00:00;Faremoutiers - Pommeuse;699506;6856495;67917;77371;Pommeuse;railStation
43081;1119597-1119598;2014-12-29T00:00:00+00:00;2021-10-22T10:40:01+00:00;Étréchy;640507;6821817;59678;91226;Étréchy;railStation
47920;47920-65910;2014-12-29T15:31:51+00:00;2021-10-22T10:39:51+00:00;Ermont Halte;646078;6876985;65910;95219;Ermont;railStation
47898;1119572-1119573;2014-12-29T00:00:00+00:00;2021-10-22T10:39:49+00:00;Ermont - Eaubonne;646620;6875864;65669;95219;Ermont;railStation
43074;1119576-1119577;2014-12-29T00:00:00+00:00;2021-10-22T10:39:37+00:00;Émerainville - Pontault-Combault;671980;6856268;67897;77169;Émerainville;railStation
43120;1088321-1088320;2014-12-29T00:00:00+00:00;2021-10-22T10:39:29+00:00;Domont;651527;6881642;66654;95199;Domont;railStation
58879;1119560-1119561;2014-12-29T00:00:00+00:00;2021-10-22T10:38:59+00:00;Chelles - Gournay;669441;6863869;68407;77108;Chelles;railStation
47929;1088952-1088953;2014-12-29T00:00:00+00:00;2021-10-22T10:38:53+00:00;Chanteloup-les-Vignes;628810;6874928;65443;78138;Chanteloup-les-Vignes;railStation
42516;1085348-1085349;2014-12-29T00:00:00+00:00;2021-10-22T10:38:44+00:00;Cesson;670089;6829481;62176;77067;Cesson;railStation
44559;44559-660485;2014-12-29T15:31:51+00:00;2021-10-22T10:38:39+00:00;Cergy Préfecture;632714;6882216;66696;95127;Cergy;railStation
43102;1119546-1119547;2014-12-29T00:00:00+00:00;2021-10-22T10:38:37+00:00;Buno - Gironville;654622;6808086;59447;91121;Buno-Bonnevaux;railStation
411362;1086039-1086040;2015-01-26T00:00:00+00:00;2021-10-22T10:38:37+00:00;Bueil;585951;6870600;411363;27119;Bueil;railStation
43099;43099-59940;2014-12-29T15:31:51+00:00;2021-10-22T10:38:32+00:00;Breuillet Village;638785;6829667;59940;91105;Breuillet;railStation
43098;1085748-1085749;2014-12-29T00:00:00+00:00;2021-10-22T10:38:28+00:00;Brétigny;648537;6834277;60247;91103;Brétigny-sur-Orge;railStation
46801;1087788-1087802;2014-12-29T00:00:00+00:00;2021-10-22T10:38:10+00:00;Boissy-l'Aillerie;628791;6886647;67056;95078;Boissy-l'Aillerie;railStation
47654;1087754-1087693;2014-12-29T00:00:00+00:00;2021-10-22T10:38:09+00:00;Bois-le-Roi;677202;6819548;61727;77037;Bois-le-Roi;railStation
46857;1087251-1087252;2014-12-29T00:00:00+00:00;2021-10-22T10:38:04+00:00;Beynes;617506;6862812;64338;78062;Beynes;railStation
45419;1119612-634539;2014-12-29T00:00:00+00:00;2021-10-22T10:37:42+00:00;Avenue du Président Kennedy Maison de Radio France;647145;6861739;71212;75116;Paris 16e;railStation
43071;1086784-1086785;2014-12-29T00:00:00+00:00;2021-10-22T10:37:40+00:00;Aulnay-sous-Bois;663044;6870359;72646;93005;Aulnay-sous-Bois;railStation
47956;1106593-1106594;2014-12-29T00:00:00+00:00;2021-08-27T14:51:15+00:00;Saint-Rémy-la-Vanne;718088;6855592;73784;77432;Saint-Rémy-la-Vanne;railStation
411455;1119599-1119601;2015-01-26T00:00:00+00:00;2019-05-21T10:54:54+00:00;Étigny - Véron;721578;6781960;411456;89160;Étigny;railStation
411511;413136-413138;2015-01-26T15:12:19+00:00;2019-04-24T10:43:09+00:00;Épernon;602807;6834687;411512;28140;Épernon;railStation
411473;1085941-1085942;2015-01-26T00:00:00+00:00;2019-04-24T10:43:00+00:00;Saint-Julien du Sault;722568;6769625;411474;89348;Saint-Julien-du-Sault;railStation
411443;1085425-1085426;2015-01-26T00:00:00+00:00;2019-04-24T10:42:33+00:00;Châteaudun;576262;6776092;411444;28088;Châteaudun;railStation
43169;1822260-1822261;2014-12-29T00:00:00+00:00;2026-07-15T14:15:40+00:00;Nanterre - Préfecture;643031;6866489;70945;92050;Nanterre;railStation
47879;1822229-1822230;2014-12-29T15:31:51+00:00;2026-07-15T13:25:50+00:00;Neuville - Université;632580;6879708;66436;95450;Neuville-sur-Oise;railStation
43086;1822214-1822215;2014-12-29T15:31:51+00:00;2026-07-15T13:10:52+00:00;Orsay - Ville;639710;6844464;62892;91471;Orsay;railStation
58759;1780866-1782109;2014-12-29T00:00:00+00:00;2026-04-01T09:43:01+00:00;Charles de Gaulle - Étoile;648306;6864025;71347;75117;Paris 17e;railStation
415093;1777827-1777839;2015-03-26T17:45:30+00:00;2026-03-30T15:44:26+00:00;Neuilly - Porte Maillot;647503;6864496;71379;75117;Paris 17e;railStation
58581;1119881-1119882;2014-12-29T00:00:00+00:00;2026-02-09T14:58:48+00:00;Villiers Montbarbin;691385;6862619;68311;77142;Crécy-la-Chapelle;railStation
46990;1097602-1097638;2014-12-29T00:00:00+00:00;2025-11-17T16:26:38+00:00;Saint-Cyr;631887;6855810;73731;78545;Saint-Cyr-l'École;railStation
45346;45346-71150;2014-12-29T15:31:51+00:00;2025-09-30T14:04:23+00:00;Javel;647018;6861033;71150;75115;Paris 15e;railStation
411485;1835297-1106601;2015-01-26T00:00:00+00:00;2026-08-25T13:17:48+00:00;Malesherbes;655577;6799424;411486;45191;Le Malesherbois;railStation
411482;1835246-1098523;2015-01-26T00:00:00+00:00;2026-08-25T09:37:57+00:00;Montargis;680850;6767399;411483;45208;Montargis;railStation
411345;1835242-1089009;2015-01-26T00:00:00+00:00;2026-08-25T09:35:10+00:00;Chaumont-en-Vexin;617970;6907422;411346;60143;Chaumont-en-Vexin;railStation
411405;1835231-1097640;2015-01-26T00:00:00+00:00;2026-08-25T09:09:40+00:00;Le Plessis-Belleville;681378;6888529;411406;60500;Le Plessis-Belleville;railStation
411381;1835229-1090890;2015-01-26T00:00:00+00:00;2026-08-25T09:08:06+00:00;Chézy-sur-Marne;726669;6876945;411382;02186;Chézy-sur-Marne;railStation
43205;1801068-70829;2014-12-29T00:00:00+00:00;2026-05-20T09:26:19+00:00;Suresnes Mont Valérien;642863;6863800;70829;92073;Suresnes;railStation
43184;1801064-1097268;2014-12-29T00:00:00+00:00;2026-05-20T09:25:04+00:00;Puteaux;643797;6865090;71422;92062;Puteaux;railStation
43248;1801060-1106570;2014-12-29T00:00:00+00:00;2026-05-20T09:22:56+00:00;Marly-le-Roi;633730;6863879;64405;78372;Marly-le-Roi;railStation
473506;1801059-1098279;2019-03-15T00:00:00+00:00;2026-05-20T09:22:39+00:00;Louveciennes;635642;6862715;64341;78350;Louveciennes;railStation
47412;1801048-1119617;2014-12-29T00:00:00+00:00;2026-05-20T09:18:45+00:00;La Garenne-Colombes;644278;6867999;72148;92025;Colombes;railStation
47790;1801030-1088031;2014-12-29T15:31:51+00:00;2026-05-20T09:14:54+00:00;Bougival;636311;6861878;64301;78126;La Celle-Saint-Cloud;railStation
47923;1801028-72124;2014-12-29T15:31:51+00:00;2026-05-20T09:14:31+00:00;Bécon les Bruyères;646399;6867525;72124;92026;Courbevoie;railStation
46366;1095249-1095250;2014-12-29T00:00:00+00:00;2026-04-22T15:07:30+00:00;Ivry-sur-Seine;655329;6857271;424396;94041;Ivry-sur-Seine;railStation
58566;1347556-1244767;2014-12-29T00:00:00+00:00;2026-04-16T09:54:12+00:00;Gare Saint-Lazare;650452;6864373;71370;75108;Paris 8e;railStation
47325;1119758-1119759;2014-12-29T00:00:00+00:00;2026-02-09T14:58:48+00:00;Montry - Condé;687216;6865687;68582;77315;Montry;railStation
58774;1119730-1119731;2014-12-29T00:00:00+00:00;2026-02-09T14:58:48+00:00;Massy - Palaiseau;645477;6847521;63244;91377;Massy;railStation
43088;1615080-1615081;2014-12-29T15:31:51+00:00;2024-11-04T17:06:16+00:00;Gare de Bellevue;643459;6857921;69528;92048;Meudon;railStation
47599;1119835-1119836;2014-12-29T00:00:00+00:00;2024-09-05T05:14:51+00:00;Saint-Ouen-l'Aumône;634586;6883196;66803;95572;Saint-Ouen-l'Aumône;railStation
44411;1096826-1096827;2014-12-29T00:00:00+00:00;2024-09-05T05:09:40+00:00;Pontoise;633898;6883362;66816;95500;Pontoise;railStation
479035;1590771-1274414;2020-02-29T08:03:08+00:00;2024-07-05T12:58:53+00:00;Paris-Bercy Bourgogne - Pays d'Auvergne;654802;6860013;71607;75112;Paris 12e;railStation
46965;1570781-1119727;2014-12-29T00:00:00+00:00;2024-05-14T06:44:24+00:00;Mantes Station;605958;6876729;65770;78361;Mantes-la-Jolie;railStation
43080;1570769-1244780;2014-12-29T00:00:00+00:00;2024-05-14T06:36:43+00:00;Étampes;637857;6815528;478855;91223;Étampes;railStation
43194;1570768-1274421;2014-12-29T00:00:00+00:00;2024-05-14T06:36:12+00:00;Sevran - Livry;665954;6870814;73439;93071;Sevran;railStation
43145;1570764-1230054;2014-12-29T00:00:00+00:00;2024-05-14T06:33:32+00:00;La Plaine Stade de France;653277;6868865;72211;93066;Saint-Denis;railStation
59206;1106066-1106067;2014-12-29T00:00:00+00:00;2024-04-11T08:09:37+00:00;Sceaux;648412;6853697;74265;92071;Sceaux;railStation
58875;1105646-1105645;2014-12-29T00:00:00+00:00;2024-04-11T08:09:37+00:00;Rueil-Malmaison;639310;6865613;70902;92063;Rueil-Malmaison;railStation
43172;1105608-1105629;2014-12-29T00:00:00+00:00;2024-04-11T08:09:37+00:00;Neuilly-Plaisance;664381;6861496;73190;93049;Neuilly-Plaisance;railStation
44493;999521-999403;2014-12-29T00:00:00+00:00;2024-04-11T08:09:37+00:00;Bagneux;650193;6855019;70210;94016;Cachan;railStation
43094;1103124-1103123;2014-12-29T00:00:00+00:00;2024-04-11T08:09:37+00:00;Boissy-Saint-Léger;663570;6850353;72881;94004;Boissy-Saint-Léger;railStation
43607;43607-70427;2014-12-29T15:31:51+00:00;2024-04-11T08:09:37+00:00;Laplace;651113;6856682;70427;94003;Arcueil;railStation
53784;1368248-1368249;2014-12-29T00:00:00+00:00;2024-04-11T08:09:37+00:00;Le Vésinet - Centre;636525;6865917;64514;78650;Le Vésinet;railStation
43076;1106573-1106574;2014-12-29T00:00:00+00:00;2023-11-28T16:34:22+00:00;Épinay-sur-Orge;650814;6841228;60915;91216;Épinay-sur-Orge;railStation
45447;45447-71286;2014-12-29T15:31:51+00:00;2023-09-05T08:55:12+00:00;Avenue Henri Martin;646611;6863071;71286;75116;Paris 16e;railStation
46286;46286-69950;2014-12-29T15:31:51+00:00;2023-07-06T10:05:47+00:00;Créteil Pompadour;658499;6852499;69950;94028;Créteil;railStation
47958;1347561-1119859;2014-12-29T00:00:00+00:00;2022-01-19T15:38:57+00:00;Survilliers - Fosses;665348;6888958;69450;95250;Fosses;railStation
47968;47968-66650;2014-12-29T15:31:51+00:00;2022-01-19T15:38:47+00:00;Les Noues;661808;6881591;66650;95280;Goussainville;railStation
464040;1118687-1549510;2019-02-27T00:00:00+00:00;2022-01-19T15:38:41+00:00;Le Vert de Maisons;658279;6854455;73624;94046;Maisons-Alfort;railStation
58757;58757-1105495;2014-12-29T15:31:51+00:00;2022-01-19T15:38:23+00:00;Champ de Mars Tour Eiffel;647880;6862061;73844;75115;Paris 15e;railStation
47875;1085307-1106544;2014-12-29T00:00:00+00:00;2022-01-14T11:53:43+00:00;Argenteuil;645645;6872136;65063;95018;Argenteuil;railStation
43192;1347559-1099262;2014-12-29T00:00:00+00:00;2021-10-25T17:02:07+00:00;Savigny-sur-Orge;652316;6841999;60987;91589;Savigny-sur-Orge;railStation
43096;1347553-1087932;2014-12-29T00:00:00+00:00;2021-10-25T16:58:01+00:00;Bondy;661842;6866121;72037;93010;Bondy;railStation
58793;1100421-1100423;2014-12-29T00:00:00+00:00;2021-10-22T10:59:40+00:00;Villepinte;664324;6873733;73547;93078;Villepinte;railStation
47966;1109975-1106576;2014-12-29T00:00:00+00:00;2021-10-22T10:59:38+00:00;Villennes-sur-Seine;626713;6871559;64949;78672;Villennes-sur-Seine;railStation
45735;1109904-1100279;2014-12-29T00:00:00+00:00;2021-10-22T10:59:32+00:00;Vigneux-sur-Seine;656844;6845488;63071;91657;Vigneux-sur-Seine;railStation
43219;43219-63880;2014-12-29T15:31:51+00:00;2021-10-22T10:59:26+00:00;Versailles Chantiers;636451;6855367;63880;78646;Versailles;railStation
47963;47963-66520;2014-12-29T15:31:51+00:00;2021-10-22T10:59:22+00:00;Vaucelles;643642;6880477;66520;95607;Taverny;railStation
47588;47588-1099896;2014-12-29T15:31:51+00:00;2021-10-22T10:59:19+00:00;Valmondois;641705;6888194;67107;95120;Butry-sur-Oise;railStation
43195;1119860-1119861;2014-12-29T00:00:00+00:00;2021-10-22T10:59:03+00:00;Sèvres Rive Gauche;642369;6858192;463754;92072;Sèvres;railStation
47950;1085620-1085621;2014-12-29T00:00:00+00:00;2021-10-22T10:58:58+00:00;Sermaise;631276;6826566;59842;91593;Sermaise;railStation
43191;1099147-1099148;2014-12-29T00:00:00+00:00;2021-10-22T10:58:55+00:00;Sartrouville;638259;6871187;64918;78586;Sartrouville;railStation
47949;1119845-1119846;2014-12-29T00:00:00+00:00;2021-10-22T10:58:52+00:00;Santeuil - Le Perchay;623311;6892014;67196;95584;Santeuil;railStation
47955;1119839-1119840;2014-12-29T00:00:00+00:00;2021-10-22T10:58:47+00:00;Saint-Ouen-l'Aumône Quartier de l'Église;634450;6882506;66731;95572;Saint-Ouen-l'Aumône;railStation
43202;1085830-1085831;2014-12-29T00:00:00+00:00;2021-10-22T10:58:44+00:00;Saint-Michel-sur-Orge;648922;6837494;60536;91570;Saint-Michel-sur-Orge;railStation
47946;1119825-1119826;2014-12-29T00:00:00+00:00;2021-10-22T10:53:26+00:00;Presles - Courcelles;648005;6890663;67169;95504;Presles;railStation
44514;44514-71545;2014-12-29T15:31:51+00:00;2021-10-22T10:53:24+00:00;Porte de Clichy;649844;6866245;71545;75117;Paris 17e;railStation
58798;1119896-1253146;2014-12-29T00:00:00+00:00;2021-10-22T10:53:21+00:00;Pont du Garigliano - Hôpital Européen G. Pompidou;646454;6860117;74002;75115;Paris 15e;railStation
47885;1119817-1119818;2014-12-29T00:00:00+00:00;2021-10-22T10:53:15+00:00;Plaisir - Grignon;622449;6859615;64199;78490;Plaisir;railStation
43165;1098498-1098499;2014-12-29T00:00:00+00:00;2021-10-22T10:52:33+00:00;Monnerville;628320;6805799;59429;91414;Monnerville;railStation
46886;1106635-1106634;2014-12-29T00:00:00+00:00;2021-10-22T10:52:23+00:00;Maule;616214;6868310;64674;78380;Maule;railStation
43247;1106611-1106612;2014-12-29T00:00:00+00:00;2021-10-22T10:52:19+00:00;Marles-en-Brie;690351;6848307;67604;77229;La Houssaye-en-Brie;railStation
47528;1098249-1098250;2014-12-29T00:00:00+00:00;2021-10-22T10:52:08+00:00;Luzarches;657659;6890965;67177;95352;Luzarches;railStation
47914;1098230-1098231;2014-12-29T00:00:00+00:00;2021-10-22T10:52:05+00:00;Longueville;718472;6823756;61858;77260;Longueville;railStation
46298;46298-69662;2014-12-29T15:31:51+00:00;2021-10-22T10:51:55+00:00;Les Saules;657165;6849611;69662;94054;Orly;railStation
43246;1095748-1095749;2014-12-29T00:00:00+00:00;2021-10-22T10:51:25+00:00;La Ferté-sous-Jouarre;709133;6872320;68918;77183;La Ferté-sous-Jouarre;railStation
43083;1094862-1094874;2014-12-29T00:00:00+00:00;2021-10-22T10:51:09+00:00;Igny;643437;6849245;63352;91312;Igny;railStation
43082;1270247-1270248;2014-12-29T00:00:00+00:00;2021-10-22T10:51:08+00:00;Houilles - Carrières-sur-Seine;640287;6869237;64741;78311;Houilles;railStation
47935;1094481-1094482;2014-12-29T00:00:00+00:00;2021-10-22T10:51:05+00:00;Houdan;597319;6856013;63893;78310;Houdan;railStation
47603;1094425-1094427;2014-12-29T00:00:00+00:00;2021-10-22T10:51:03+00:00;Herblay;638688;6877015;65897;95306;Herblay;railStation
47903;1091870-1091871;2014-12-29T00:00:00+00:00;2021-10-22T10:40:44+00:00;Garancières - La Queue;609276;6857420;64025;78265;Garancières;railStation
45745;1337829-1337830;2014-12-29T00:00:00+00:00;2021-10-22T10:40:12+00:00;Évry - Val de Seine;659642;6837274;60522;91228;Evry-Courcouronnes;railStation
45759;45759-761419;2014-12-29T15:31:51+00:00;2021-10-22T10:39:56+00:00;Essonnes Robinson;660430;6834092;422776;91174;Corbeil-Essonnes;railStation
43075;1086445-1086076;2014-12-29T00:00:00+00:00;2021-10-22T10:39:40+00:00;Enghien-les-Bains;649251;6874993;65485;95210;Enghien-les-Bains;railStation
43122;1088421-1088378;2014-12-29T00:00:00+00:00;2021-10-22T10:39:33+00:00;Drancy;660061;6870444;72652;93029;Drancy;railStation
43117;1091052-1091401;2014-12-29T00:00:00+00:00;2021-10-22T10:39:19+00:00;Coulommiers;705968;6856446;67920;77131;Coulommiers;railStation
43110;1091008-1090930;2014-12-29T00:00:00+00:00;2021-10-22T10:39:05+00:00;Choisy-le-Roi;656727;6851692;69852;94022;Choisy-le-Roi;railStation
43107;1088970-1088994;2014-12-29T00:00:00+00:00;2021-10-22T10:38:54+00:00;Chartrettes;677482;6820794;61763;77096;Chartrettes;railStation
47174;47174-841014;2014-12-29T15:31:51+00:00;2021-10-22T10:38:50+00:00;Champbenoist Poigny;721156;6827258;62064;77368;Poigny;railStation
47590;1088858-1088856;2014-12-29T00:00:00+00:00;2021-10-22T10:38:48+00:00;Champagne-sur-Oise;644754;6893187;67241;95134;Champagne-sur-Oise;railStation
47927;1243160-1244781;2014-12-29T00:00:00+00:00;2021-10-22T10:38:46+00:00;Gare de Chamarande;642035;6824044;59734;91132;Chamarande;railStation
47895;1088152-1549387;2014-12-29T00:00:00+00:00;2021-10-22T10:38:26+00:00;Boutigny;653899;6815087;59565;91099;Boutigny-sur-Essonne;railStation
47905;47905-59830;2014-12-29T15:31:51+00:00;2021-10-22T10:38:21+00:00;Bouray;647587;6826087;59830;91330;Lardy;railStation
45453;45453-1108637;2014-12-29T15:31:51+00:00;2021-10-22T10:38:19+00:00;Boulainvilliers;646791;6862127;71229;75116;Paris 16e;railStation
45763;1087774-1087787;2014-12-29T00:00:00+00:00;2021-10-22T10:38:10+00:00;Boissise-le-Roi;668384;6825599;61943;77040;Boissise-le-Roi;railStation
43090;1087184-1087194;2014-12-29T00:00:00+00:00;2021-10-22T10:38:03+00:00;Bessancourt;642256;6881998;66672;95060;Bessancourt;railStation
43068;1085371-1208866;2014-12-29T00:00:00+00:00;2021-10-22T10:37:33+00:00;Arpajon;644037;6832023;60072;91021;Arpajon;railStation
411479;1119622-1119623;2015-01-26T00:00:00+00:00;2019-05-21T17:22:12+00:00;Laroche - Migennes;738263;6762423;411480;89257;Migennes;railStation
411476;1085943-1085929;2015-01-26T00:00:00+00:00;2019-04-24T10:43:07+00:00;Villeneuve-sur-Yonne;721333;6776131;411477;89464;Villeneuve-sur-Yonne;railStation
411464;1085964-1085965;2015-01-26T00:00:00+00:00;2019-04-24T10:43:06+00:00;Villeneuve-la-Guyard;705336;6804703;411465;89460;Villeneuve-la-Guyard;railStation
47957;1099285-1099286;2014-12-29T00:00:00+00:00;2019-04-24T10:43:02+00:00;Saint-Siméon;715324;6855531;67886;77436;Saint-Siméon;railStation
411507;1088962-1088845;2015-01-26T00:00:00+00:00;2019-04-24T10:42:32+00:00;Chartres;587644;6817512;411508;28085;Chartres;railStation
59049;59049-74138;2014-12-29T15:31:51+00:00;2019-04-24T10:42:26+00:00;Auneau;609754;6816816;74138;28317;Roinville;railStation
411418;1836591-1836590;2015-01-26T15:06:38+00:00;2026-09-07T16:08:50+00:00;La Borne Blanche;664013;6891934;411419;60482;Orry-la-Ville;railStation
411338;1835241-1099729;2015-01-26T00:00:00+00:00;2026-08-25T09:34:22+00:00;Trie-Château;614020;6909840;411339;60644;Trie-Château;railStation
59301;1835240-1092368;2014-12-29T00:00:00+00:00;2026-08-25T09:28:22+00:00;Gisors;611571;6910222;74348;27284;Gisors;railStation
411326;1835235-1097251;2015-01-26T00:00:00+00:00;2026-08-25T09:17:27+00:00;Précy-sur-Oise;654617;6900596;411327;60513;Précy-sur-Oise;railStation
411329;1835234-1098744;2015-01-26T00:00:00+00:00;2026-08-25T09:16:39+00:00;Saint-Leu-d'Esserent;657522;6901722;411330;60584;Saint-Leu-d'Esserent;railStation
411390;1835232-1106590;2015-01-26T00:00:00+00:00;2026-08-25T09:10:17+00:00;Nanteuil-le-Haudouin;684980;6893656;411391;60446;Nanteuil-le-Haudouin;railStation
411375;1835226-1106609;2015-01-26T00:00:00+00:00;2026-08-25T09:05:28+00:00;Mareuil-sur-Ourcq;705510;6892846;411376;60380;Mareuil-sur-Ourcq;railStation
45102;1782229-1782252;2014-12-29T00:00:00+00:00;2026-04-01T09:58:47+00:00;Châtelet - Les Halles;652090;6862610;474151;75101;Paris 1er;railStation
46689;1802209-1802210;2014-12-29T00:00:00+00:00;2026-05-29T09:30:59+00:00;Viroflay - Rive Droite;638868;6856477;422420;78686;Viroflay;railStation
422065;1801054-999517;2016-10-25T00:00:00+00:00;2026-05-20T09:21:26+00:00;Le Val d'Or;642516;6862086;422067;92064;Saint-Cloud;railStation
470549;1801046-1327660;2019-03-06T00:00:00+00:00;2026-05-20T09:17:39+00:00;La Défense;644159;6866071;71517;92062;Puteaux;railStation
47880;1801045-1095560;2014-12-29T00:00:00+00:00;2026-05-20T09:17:11+00:00;La Celle-Saint-Cloud;636753;6860631;64251;78126;La Celle-Saint-Cloud;railStation
47770;1801043-1091900;2014-12-29T00:00:00+00:00;2026-05-20T09:16:50+00:00;Garches - Marnes-la-Coquette;640334;6860107;70713;92033;Garches;railStation
43152;1105578-1105587;2014-12-29T00:00:00+00:00;2026-03-12T14:34:22+00:00;Lognes;673064;6859974;68123;77258;Lognes;railStation
47327;1119566-1119567;2014-12-29T00:00:00+00:00;2026-02-09T14:58:48+00:00;Couilly - Saint-Germain - Quincy;689302;6864753;68505;77413;Saint-Germain-sur-Morin;railStation
47894;1091451-1091402;2014-12-29T00:00:00+00:00;2026-02-09T14:58:48+00:00;Crécy-la-Chapelle;693062;6862173;68293;77142;Crécy-la-Chapelle;railStation
43166;1119744-1119745;2014-12-29T00:00:00+00:00;2024-09-01T12:50:22+00:00;Montigny - Beauchamp;641217;6878947;66335;95488;Pierrelaye;railStation
470540;1604482-1806054;2019-03-06T00:00:00+00:00;2024-08-09T13:35:56+00:00;Invalides;649573;6862739;71274;75107;Paris 7e;railStation
473873;1497342-1497340;2019-03-26T00:00:00+00:00;2024-07-25T09:04:29+00:00;Aéroport d’Orly (Terminal 4);653524;6847804;63278;91479;Paray-Vieille-Poste;railStation
462394;1590890-1180723;2018-09-25T00:00:00+00:00;2024-07-09T07:20:12+00:00;Gare du Nord;652822;6864890;71410;75110;Paris 10e;railStation
47482;1570783-1119770;2014-12-29T00:00:00+00:00;2024-05-14T06:45:31+00:00;Nanteuil - Saâcy;716063;6874917;69072;77397;Saâcy-sur-Marne;railStation
58873;1570773-1085193;2014-12-29T00:00:00+00:00;2024-05-14T06:39:54+00:00;Brunoy;663706;6844421;67476;91114;Brunoy;railStation
43092;1570772-1087602;2014-12-29T00:00:00+00:00;2024-05-14T06:39:09+00:00;Boigneville;653956;6804725;59420;91069;Boigneville;railStation
462388;1570771-63923;2018-09-25T00:00:00+00:00;2024-05-14T06:38:25+00:00;Viroflay Rive Gauche;639151;6855940;63923;78686;Viroflay;railStation
47009;1105523-1105404;2014-12-29T00:00:00+00:00;2024-04-11T08:09:37+00:00;Palaiseau;644498;6846568;63175;91477;Palaiseau;railStation
46007;1375630-1375629;2014-12-29T00:00:00+00:00;2024-04-11T08:09:37+00:00;La Croix de Berny;648855;6851515;69813;92002;Antony;railStation
58270;58270-73042;2014-12-29T15:31:51+00:00;2024-04-11T08:09:37+00:00;Champigny;664052;6856416;73042;94068;Saint-Maur-des-Fossés;railStation
44199;1105643-1105642;2014-12-29T00:00:00+00:00;2024-04-11T08:09:37+00:00;Noisiel;671866;6860453;68153;77337;Noisiel;railStation
43135;1105548-1105549;2014-12-29T00:00:00+00:00;2024-04-11T08:09:37+00:00;Joinville-le-Pont;660636;6858037;70640;94042;Joinville-le-Pont;railStation
43101;1105536-1105537;2014-12-29T00:00:00+00:00;2024-04-11T08:09:37+00:00;Bry-sur-Marne;665189;6860670;73166;94015;Bry-sur-Marne;railStation
43207;1105773-1105774;2014-12-29T00:00:00+00:00;2024-04-11T08:09:37+00:00;Torcy;674690;6860017;68129;77468;Torcy;railStation
44801;1365030-1365031;2014-12-29T00:00:00+00:00;2024-04-11T08:09:37+00:00;Saint-Maur - Créteil;661288;6856365;70393;94068;Saint-Maur-des-Fossés;railStation
43833;43833-71161;2014-12-29T15:31:51+00:00;2024-04-11T08:09:37+00:00;Luxembourg;651549;6860800;71161;75105;Paris 5e;railStation
43126;1119602-1119603;2014-12-29T00:00:00+00:00;2023-09-05T08:43:08+00:00;Franconville - Le Plessis-Bouchard;643958;6877363;66005;95252;Franconville;railStation
47944;1119794-1119795;2014-12-29T00:00:00+00:00;2023-08-29T16:22:24+00:00;Nézel - Aulnay;615054;6871607;64945;78451;Nézel;railStation
44314;1179883-1331967;2014-12-29T00:00:00+00:00;2022-10-13T17:46:55+00:00;Péreire Levallois;648611;6865340;71453;75117;Paris 17e;railStation
43116;1091361-1091362;2014-12-29T00:00:00+00:00;2022-02-16T10:23:18+00:00;Cormeilles-en-Parisis;640919;6874601;65399;95176;Cormeilles-en-Parisis;railStation
45739;1095455-1183471;2014-12-29T00:00:00+00:00;2022-01-24T16:02:25+00:00;Juvisy;654608;6843461;478505;91326;Juvisy-sur-Orge;railStation
44628;1098281-1274418;2014-12-29T00:00:00+00:00;2022-01-19T15:38:50+00:00;Louvres;663581;6883388;69300;95351;Louvres;railStation
43221;1119878-1119879;2014-12-29T00:00:00+00:00;2021-10-22T10:59:41+00:00;Villepreux - Les Clayes;626053;6858650;64145;78165;Les Clayes-sous-Bois;railStation
46307;1100343-1100344;2014-12-29T00:00:00+00:00;2021-10-22T10:59:36+00:00;Villeneuve-le-Roi;657820;6848994;69625;94077;Villeneuve-le-Roi;railStation
47525;1100265-1100266;2014-12-29T00:00:00+00:00;2021-10-22T10:59:31+00:00;Viarmes;653877;6890942;67176;95652;Viarmes;railStation
43218;43218-61450;2014-12-29T15:31:51+00:00;2021-10-22T10:59:25+00:00;Vernou-sur-Seine;688313;6809609;61450;77494;Vernou-la-Celle-sur-Seine;railStation
43214;1119870-1119871;2014-12-29T00:00:00+00:00;2021-10-22T10:59:20+00:00;Vanves - Malakoff;648012;6857813;70584;92075;Vanves;railStation
47960;1119864-1119865;2014-12-29T00:00:00+00:00;2021-10-22T10:59:09+00:00;Thieux - Nantouillet;676607;6878738;69196;77462;Thieux;railStation
47959;1119862-1119863;2014-12-29T00:00:00+00:00;2021-10-22T10:59:07+00:00;Tacoignières - Richebourg;602268;6859630;64194;78605;Tacoignières;railStation
461504;1119841-1119842;2018-04-20T00:00:00+00:00;2021-10-22T10:58:49+00:00;Saint-Quentin en Yvelines - Montigny-le-Bretonneux;629808;6854579;63812;78423;Montigny-le-Bretonneux;railStation
43150;1119837-1119838;2014-12-29T00:00:00+00:00;2021-10-22T10:58:46+00:00;Saint-Ouen-l'Aumône Liesse;636246;6881933;66659;95572;Saint-Ouen-l'Aumône;railStation
47171;841087-841088;2014-12-29T00:00:00+00:00;2021-10-22T10:58:34+00:00;Sainte-Colombe Septveilles;718852;6825465;61961;77404;Sainte-Colombe;railStation
47952;1085636-1085637;2014-12-29T00:00:00+00:00;2021-10-22T10:58:30+00:00;Saint-Chéron;635421;6828214;59882;91540;Saint-Chéron;railStation
44787;44787-69633;2014-12-29T15:31:51+00:00;2021-10-22T10:58:28+00:00;Rungis la Fraternelle;652362;6849095;69633;94065;Rungis;railStation
479059;1187250-1097490;2020-03-02T00:00:00+00:00;2021-10-22T10:58:27+00:00;Rosny-sur-Seine;599741;6878380;66157;78531;Rosny-sur-Seine;railStation
47877;1097475-1097476;2014-12-29T00:00:00+00:00;2021-10-22T10:58:26+00:00;Rosny-sous-Bois;662278;6863461;71935;93064;Rosny-sous-Bois;railStation
46299;1106553-1106551;2014-12-29T00:00:00+00:00;2021-10-22T10:53:05+00:00;Orly Ville;656103;6849223;69639;94054;Orly;railStation
47530;1119783-1119784;2014-12-29T00:00:00+00:00;2021-10-22T10:53:00+00:00;Nointel - Mours;647448;6892799;67227;95452;Nointel;railStation
47130;1119765-1119766;2014-12-29T00:00:00+00:00;2021-10-22T10:52:42+00:00;Moret - Veneux-les-Sablons;685224;6808640;61410;77316;Moret-Loing-et-Orvanne;railStation
47582;1098555-1098556;2014-12-29T00:00:00+00:00;2021-10-22T10:52:29+00:00;Méry-sur-Oise;640902;6884570;66934;95394;Méry-sur-Oise;railStation
47899;1106363-1106367;2014-12-29T00:00:00+00:00;2021-10-22T10:52:28+00:00;Mennecy;658090;6830187;59984;91386;Mennecy;railStation
47909;1106631-1244797;2014-12-29T00:00:00+00:00;2021-10-22T10:52:27+00:00;Melun;674504;6825306;61926;77288;Melun;railStation
43160;43160-65827;2014-12-29T15:31:51+00:00;2021-10-22T10:52:24+00:00;Maurecourt;631176;6876735;65827;78015;Andrésy;railStation
58572;58572-1180686;2014-12-29T15:31:51+00:00;2021-10-22T10:52:08+00:00;Magenta;652967;6864723;478733;75110;Paris 10e;railStation
47486;1098169-1098170;2014-12-29T00:00:00+00:00;2021-10-22T10:52:03+00:00;Lizy-sur-Ourcq;702324;6880203;69237;77257;Lizy-sur-Ourcq;railStation
45804;1098109-1098159;2014-12-29T00:00:00+00:00;2021-10-22T10:52:02+00:00;Livry-sur-Seine;676286;6823386;61826;77255;Livry-sur-Seine;railStation
47669;1119628-1119629;2014-12-29T00:00:00+00:00;2021-10-22T10:52:00+00:00;Lieusaint - Moissy;668274;6836547;62412;77251;Lieusaint;railStation
47881;1097896-1097897;2014-12-29T00:00:00+00:00;2021-10-22T10:51:54+00:00;Les Mureaux;620487;6877509;65994;78440;Les Mureaux;railStation
43230;43230-1097812;2014-12-29T15:31:51+00:00;2021-10-22T10:51:52+00:00;Les Grésillons;649720;6869185;72225;92036;Gennevilliers;railStation
43229;1097782-1097783;2014-12-29T00:00:00+00:00;2021-10-22T10:51:52+00:00;Les Essarts-le-Roi;618322;6847414;63240;78220;Les Essarts-le-Roi;railStation
47901;1119626-1119627;2014-12-29T00:00:00+00:00;2021-10-22T10:51:46+00:00;Le Raincy - Villemomble - Montfermeil;664293;6865536;73297;93077;Villemomble;railStation
45820;45820-60006;2014-12-29T15:31:51+00:00;2021-10-22T10:51:45+00:00;Le Plessis Chenet;661603;6830501;60006;91179;Le Coudray-Montceaux;railStation
45784;1119894-1119895;2014-12-29T00:00:00+00:00;2021-10-22T10:51:42+00:00;Le Mée;672358;6826567;62003;77285;Le Mée-sur-Seine;railStation
45850;1119624-1119625;2014-12-29T00:00:00+00:00;2021-10-22T10:51:39+00:00;Le Bras de Fer;659611;6836042;60422;91228;Evry-Courcouronnes;railStation
43142;1095697-1095713;2014-12-29T00:00:00+00:00;2021-10-22T10:51:24+00:00;La Ferté-Alais;652135;6820778;59661;91047;Baulne;railStation
47145;1094464-1094466;2014-12-29T00:00:00+00:00;2021-10-22T10:51:03+00:00;Héricy;682306;6815854;61658;77226;Héricy;railStation
47205;1092866-1092879;2014-12-29T00:00:00+00:00;2021-10-22T10:50:59+00:00;Guérard - La Celle-sur-Morin;696608;6856745;67924;77219;Guérard;railStation
46482;46482-66063;2014-12-29T15:31:51+00:00;2021-10-22T10:50:57+00:00;Gros Noyer Saint-Prix;645826;6877604;66063;95219;Ermont;railStation
43132;1092818-1092809;2014-12-29T00:00:00+00:00;2021-10-22T10:50:56+00:00;Grigny Centre;655569;6839577;60797;91286;Grigny;railStation
45860;1092506-1092507;2014-12-29T00:00:00+00:00;2021-10-22T10:40:51+00:00;Grand Bourg;658367;6838886;73627;91521;Ris-Orangis;railStation
47580;1274430-1274431;2014-12-29T00:00:00+00:00;2021-10-22T10:40:39+00:00;Frépillon;641302;6883120;66798;95256;Frépillon;railStation
47882;1119580-1119581;2014-12-29T00:00:00+00:00;2021-10-22T10:39:45+00:00;Épône - Mézières;612804;6874374;65326;78217;Épône;railStation
47095;1119890-1244775;2014-12-29T00:00:00+00:00;2021-10-22T10:39:32+00:00;Dourdan la Forêt;625881;6826602;59843;91200;Dourdan;railStation
43121;1085587-1106547;2014-12-29T00:00:00+00:00;2021-10-22T10:39:31+00:00;Dourdan;626820;6826406;59836;91200;Dourdan;railStation
47930;1088844-1088961;2014-12-29T00:00:00+00:00;2021-10-22T10:38:54+00:00;Chars;622455;6896437;67352;95142;Chars;railStation
47124;1119552-1119553;2014-12-29T00:00:00+00:00;2021-10-22T10:38:22+00:00;Bourron-Marlotte - Grez;677164;6803615;61318;77048;Bourron-Marlotte;railStation
45437;45437-1108690;2014-12-29T15:31:51+00:00;2021-10-22T10:37:43+00:00;Avenue Foch;646801;6863558;71321;75116;Paris 16e;railStation
47918;1085497-1085499;2014-12-29T00:00:00+00:00;2021-10-22T10:37:41+00:00;Auvers-sur-Oise;639710;6885925;67027;95039;Auvers-sur-Oise;railStation
47917;1085135-1085141;2014-12-29T00:00:00+00:00;2021-10-22T10:37:30+00:00;Angerville;626139;6801719;59403;91016;Angerville;railStation
46647;1119931-1119932;2014-12-29T00:00:00+00:00;2021-10-22T10:37:21+00:00;Achères Ville;632479;6874916;73604;78005;Achères;railStation
47915;1086379-1086380;2014-12-29T00:00:00+00:00;2021-10-22T10:37:17+00:00;Achères Grand Cormier;633625;6873209;65190;78551;Saint-Germain-en-Laye;railStation
411449;1085531-1085532;2015-01-26T00:00:00+00:00;2019-04-24T10:43:09+00:00;Voves;597771;6798080;411450;28422;Les Villages Vovéens;railStation
59302;1086929-1086881;2014-12-29T00:00:00+00:00;2019-04-24T10:42:47+00:00;Maintenon;596206;6832708;74349;28227;Maintenon;railStation
411365;412186-412188;2015-01-26T15:03:50+00:00;2019-04-24T10:42:38+00:00;Évreux Normandie;564682;6881420;411366;27229;Évreux;railStation
43245;1822265-1822267;2014-12-29T00:00:00+00:00;2026-07-15T14:49:12+00:00;Nemours - Saint-Pierre;676630;6796524;61218;77431;Saint-Pierre-lès-Nemours;railStation
43239;1822258-1822259;2014-12-29T00:00:00+00:00;2026-07-15T14:14:06+00:00;Marne-la-Vallée - Chessy;684044;6863329;68385;77111;Chessy;railStation
43077;1713136-1088672;2014-12-29T00:00:00+00:00;2026-01-08T09:28:12+00:00;Épinay-sur-Seine;648909;6872877;72383;93031;Épinay-sur-Seine;railStation
462357;1615084-1119934;2018-09-25T00:00:00+00:00;2025-12-22T17:21:27+00:00;Issy - Val de Seine;645971;6859191;71016;92040;Issy-les-Moulineaux;railStation
411492;1835299-1088440;2015-01-26T00:00:00+00:00;2026-08-25T13:24:44+00:00;Dreux;580153;6849123;411493;28134;Dreux;railStation
411495;1835298-1119729;2015-01-26T00:00:00+00:00;2026-08-25T13:19:47+00:00;Marchezais - Broué;590757;6853060;411496;28062;Broué;railStation
411342;1835243-1098023;2015-01-26T00:00:00+00:00;2026-08-25T09:35:50+00:00;Liancourt-Saint-Pierre;620254;6902868;411343;60361;Liancourt-Saint-Pierre;railStation
411421;1835238-1119801;2015-01-26T00:00:00+00:00;2026-08-25T09:20:14+00:00;Orry-la-Ville - Coye;662772;6893300;411422;60482;Orry-la-Ville;railStation
411332;1835236-1710787;2015-01-26T00:00:00+00:00;2026-08-25T09:18:03+00:00;Boran-sur-Oise;653484;6896509;411333;60086;Boran-sur-Oise;railStation
411440;1835233-1091456;2015-01-26T00:00:00+00:00;2026-08-25T09:14:37+00:00;Creil;661338;6907300;411441;60175;Creil;railStation
411384;1835228-1119782;2015-01-26T00:00:00+00:00;2026-08-25T09:07:18+00:00;Nogent-L'Artaud - Charly;723637;6874356;411385;02555;Nogent-l'Artaud;railStation
43193;1802173-1802174;2014-12-29T15:31:51+00:00;2026-05-29T08:51:30+00:00;Sevran - Beaudottes;665188;6871997;73491;93071;Sevran;railStation
44602;1801070-64021;2014-12-29T15:31:51+00:00;2026-05-20T09:27:09+00:00;Versailles Rive Droite;636614;6856948;64021;78646;Versailles;railStation
43196;1801065-1097579;2014-12-29T00:00:00+00:00;2026-05-20T09:25:21+00:00;Saint-Cloud;642584;6860952;73749;92064;Saint-Cloud;railStation
43167;1801061-63989;2014-12-29T15:31:51+00:00;2026-05-20T09:24:11+00:00;Montreuil;637780;6856543;63989;78646;Versailles;railStation
47888;1270249-1270250;2014-12-29T00:00:00+00:00;2026-05-11T16:12:09+00:00;Gif-sur-Yvette;636450;6844573;62890;91272;Gif-sur-Yvette;railStation
43231;1741188-1096173;2014-12-29T00:00:00+00:00;2026-02-20T14:10:38+00:00;Le Bourget;657931;6870238;72641;93013;Le Bourget;railStation
415091;634531-1648223;2015-03-26T17:23:05+00:00;2025-04-30T12:06:05+00:00;Pont de l'Alma;648671;6862720;492980;75107;Paris 7e;railStation
47596;1684406-1244784;2014-12-29T00:00:00+00:00;2025-11-06T14:27:22+00:00;Épluches;635872;6884265;66915;95572;Saint-Ouen-l'Aumône;railStation
45873;45873-1185581;2014-12-29T15:31:51+00:00;2024-08-05T22:40:48+00:00;Auber;650830;6863800;478926;75109;Paris 9e;railStation
43178;1570784-1119814;2014-12-29T00:00:00+00:00;2024-05-14T06:46:16+00:00;Persan - Beaumont;647306;6894441;67292;95487;Persan;railStation
43157;1570780-1086153;2014-12-29T00:00:00+00:00;2024-05-14T06:43:55+00:00;Mantes-la-Jolie;605142;6877374;65931;78361;Mantes-la-Jolie;railStation
46477;1570779-65663;2014-12-29T15:31:51+00:00;2024-05-14T06:43:12+00:00;Champ de Courses d'Enghien;648112;6875761;65663;95598;Soisy-sous-Montmorency;railStation
43127;1570777-73266;2014-12-29T15:31:51+00:00;2024-05-14T06:42:04+00:00;Le Chénay Gagny;667198;6864219;73266;93032;Gagny;railStation
412743;1570776-1274434;2017-10-20T00:00:00+00:00;2024-05-14T06:41:35+00:00;Saint-Denis;652048;6870738;72323;93066;Saint-Denis;railStation
43140;1570763-655235;2014-12-29T15:31:51+00:00;2024-05-14T06:32:43+00:00;La Courneuve - Aubervilliers;655015;6869543;72598;93027;La Courneuve;railStation
487011;1568701-1568702;2023-04-20T10:04:40+00:00;2024-05-03T12:03:19+00:00;Nanterre-La-Folie;643296;6866675;488087;92050;Nanterre;railStation
47900;47900-655336;2014-12-29T15:31:51+00:00;2024-04-11T08:09:37+00:00;Val de Fontenay;662508;6861699;71718;94033;Fontenay-sous-Bois;railStation
58874;1085302-1085300;2014-12-29T00:00:00+00:00;2024-04-11T08:09:37+00:00;Bussy-Saint-Georges;678741;6859668;68105;77058;Bussy-Saint-Georges;railStation
58937;1119785-1119786;2014-12-29T00:00:00+00:00;2024-04-11T08:09:37+00:00;Noisy - Champs;669182;6860398;73163;93051;Noisy-le-Grand;railStation
474069;1107763-63029;2019-03-27T00:00:00+00:00;2024-04-11T08:09:37+00:00;Lozère;642068;6845374;63029;91477;Palaiseau;railStation
43175;1119802-1119803;2014-12-29T00:00:00+00:00;2024-04-11T08:09:37+00:00;Palaiseau - Villebon;643881;6845605;63067;91477;Palaiseau;railStation
43177;43177-1208846;2014-12-29T15:31:51+00:00;2024-04-11T08:09:37+00:00;Parc de Sceaux;649283;6852401;69906;92002;Antony;railStation
43125;1105902-1105900;2014-12-29T00:00:00+00:00;2024-04-11T08:09:37+00:00;Fontenay-aux-Roses;648050;6854397;70133;92032;Fontenay-aux-Roses;railStation
45877;1105940-1105938;2014-12-29T00:00:00+00:00;2024-04-11T08:09:37+00:00;Gentilly;651603;6857442;70543;94037;Gentilly;railStation
44500;44500-1804160;2014-12-29T15:31:51+00:00;2024-04-11T08:09:37+00:00;Port Royal;651348;6860205;71106;75105;Paris 5e;railStation
43228;43228-69622;2014-12-29T15:31:51+00:00;2024-04-11T08:09:37+00:00;Les Baconnets;647649;6849094;69622;92002;Antony;railStation
43186;43186-897147;2014-12-29T15:31:51+00:00;2024-04-11T08:09:37+00:00;Robinson;647194;6853590;427230;92071;Sceaux;railStation
43087;1087003-1087004;2014-12-29T00:00:00+00:00;2023-08-29T16:29:35+00:00;Ballancourt;653493;6825827;59825;91045;Ballancourt-sur-Essonne;railStation
46387;1084944-1084945;2014-12-29T00:00:00+00:00;2023-04-21T15:38:16+00:00;Ablon;657327;6847451;69554;94001;Ablon-sur-Seine;railStation
45301;45301-1244771;2014-12-29T15:31:51+00:00;2023-03-03T10:52:21+00:00;Bibliothèque François Mitterrand;654320;6858938;71572;75113;Paris 13e;railStation
43212;43212-1208863;2014-12-29T15:31:51+00:00;2022-02-01T11:11:37+00:00;Val d'Argenteuil;643802;6872572;65110;95018;Argenteuil;railStation
47876;1092265-1092422;2014-12-29T00:00:00+00:00;2022-01-19T15:38:34+00:00;Goussainville;660693;6880524;66535;95280;Goussainville;railStation
47136;1119888-1119889;2014-12-29T00:00:00+00:00;2021-10-22T10:59:59+00:00;Vulaines-sur-Seine - Samoreau;681721;6814493;61630;77533;Vulaines-sur-Seine;railStation
43223;1119886-1119887;2014-12-29T00:00:00+00:00;2021-10-22T10:59:46+00:00;Villiers-sur-Marne - Le Plessis-Trévise;666420;6858229;73097;94079;Villiers-sur-Marne;railStation
46304;46304-69671;2014-12-29T15:31:51+00:00;2021-10-22T10:59:34+00:00;Villeneuve Triage;658726;6849535;69671;94078;Villeneuve-Saint-Georges;railStation
43215;1274425-1274426;2014-12-29T00:00:00+00:00;2021-10-22T10:59:21+00:00;Vauboyen;640644;6851288;63454;91064;Bièvres;railStation
43209;1099710-1099711;2014-12-29T00:00:00+00:00;2021-10-22T10:59:14+00:00;Trappes;626997;6853202;463850;78621;Trappes;railStation
47118;1119853-1119854;2014-12-29T00:00:00+00:00;2021-10-22T10:59:05+00:00;Souppes - Château-Landon;680368;6786790;61094;77458;Souppes-sur-Loing;railStation
43189;1099087-1099088;2014-12-29T00:00:00+00:00;2021-10-22T10:58:51+00:00;Sannois;646103;6874799;65441;95582;Sannois;railStation
48964;1098774-1098775;2014-12-29T00:00:00+00:00;2021-10-22T10:58:39+00:00;Saint-Leu-la-Forêt;644617;6879746;66452;95563;Saint-Leu-la-Forêt;railStation
47948;1097359-1097360;2014-12-29T00:00:00+00:00;2021-10-22T10:58:12+00:00;Ris-Orangis;656913;6840036;60839;91521;Ris-Orangis;railStation
47181;1097248-1097249;2014-12-29T00:00:00+00:00;2021-10-22T10:53:28+00:00;Provins;722311;6828410;62139;77379;Provins;railStation
47874;1096605-1096528;2014-12-29T00:00:00+00:00;2021-10-22T10:53:17+00:00;Poissy;629725;6870790;64883;78498;Poissy;railStation
47878;1106031-1106030;2014-12-29T00:00:00+00:00;2021-10-22T10:53:09+00:00;Parc des Expositions;664461;6874956;73568;93078;Villepinte;railStation
462901;1106623-1661476;2019-01-15T00:00:00+00:00;2021-10-22T10:53:07+00:00;Ozoir-la-Ferrière;677225;6852341;462934;77350;Ozoir-la-Ferrière;railStation
48489;1106659-1106658;2014-12-29T00:00:00+00:00;2021-10-22T10:53:04+00:00;Orangis Bois de l'Épine;656356;6837514;60542;91521;Ris-Orangis;railStation
47943;1244777-1244778;2014-12-29T00:00:00+00:00;2021-10-22T10:52:46+00:00;Mouroux;703162;6857071;67944;77320;Mouroux;railStation
47184;1095422-1095439;2014-12-29T00:00:00+00:00;2021-10-22T10:52:43+00:00;Mormant;691749;6834883;62351;77317;Mormant;railStation
47910;1085996-1244776;2014-12-29T00:00:00+00:00;2021-10-22T10:52:34+00:00;Montereau;695745;6808812;61414;77305;Montereau-Fault-Yonne;railStation
43162;1098337-1098325;2014-12-29T00:00:00+00:00;2021-10-22T10:52:30+00:00;Meudon;644403;6857410;70515;92048;Meudon;railStation
46884;1106605-1106606;2014-12-29T00:00:00+00:00;2021-10-22T10:52:18+00:00;Mareil-sur-Mauldre;617284;6866481;64572;78368;Mareil-sur-Mauldre;railStation
43151;1098120-1098121;2014-12-29T00:00:00+00:00;2021-10-22T10:52:01+00:00;Limay;608321;6876757;65788;78335;Limay;railStation
54249;54249-65985;2014-12-29T15:31:51+00:00;2021-10-22T10:51:50+00:00;Les Clairières de Verneuil;623544;6877477;65985;78642;Verneuil-sur-Seine;railStation
43227;43227-70064;2014-12-29T15:31:51+00:00;2021-10-22T10:51:50+00:00;Les Ardoines;656618;6853762;70064;94081;Vitry-sur-Seine;railStation
43235;1096761-1096760;2014-12-29T00:00:00+00:00;2021-10-22T10:51:44+00:00;Le Perray;615848;6844299;62804;78486;Le Perray-en-Yvelines;railStation
427872;1096012-1096013;2018-02-22T00:00:00+00:00;2021-10-22T10:51:35+00:00;Lagny - Thorigny;678435;6864726;68494;77464;Thorigny-sur-Marne;railStation
43144;1086011-1086012;2014-12-29T00:00:00+00:00;2021-10-22T10:51:28+00:00;La Grande-Paroisse;692365;6808708;61412;77210;La Grande-Paroisse;railStation
46470;46470-1095513;2014-12-29T15:31:51+00:00;2021-10-22T10:51:19+00:00;La Barre Ormesson;649970;6874253;65360;95197;Deuil-la-Barre;railStation
43137;1095509-1095508;2014-12-29T00:00:00+00:00;2021-10-22T10:51:18+00:00;Juziers;615473;6877542;65988;78327;Juziers;railStation
43084;43084-1095085;2014-12-29T15:31:51+00:00;2021-10-22T10:51:12+00:00;Issy;645510;6857953;70612;92040;Issy-les-Moulineaux;railStation
43134;1092880-1092881;2014-12-29T00:00:00+00:00;2021-10-22T10:51:00+00:00;Guillerval;630370;6808634;59450;91294;Guillerval;railStation
46832;1092213-1092214;2014-12-29T00:00:00+00:00;2021-10-22T10:40:48+00:00;Gazeran;609590;6836907;60454;78269;Gazeran;railStation
47322;1088609-1647361;2014-12-29T00:00:00+00:00;2021-10-22T10:39:54+00:00;Esbly;686045;6867005;68653;77171;Esbly;railStation
415484;1085709-1085715;2015-04-07T00:00:00+00:00;2021-10-22T10:39:35+00:00;Égly;642724;6831671;60052;91207;Égly;railStation
473159;1119570-1119571;2019-03-11T00:00:00+00:00;2021-10-22T10:39:29+00:00;Deuil - Montmagny;651548;6875312;65562;95197;Deuil-la-Barre;railStation
46736;1119568-1274416;2014-12-29T00:00:00+00:00;2021-10-22T10:39:26+00:00;Dammartin - Juilly - Saint-Mard;677992;6881404;69254;77420;Saint-Mard;railStation
47491;1091502-1091532;2014-12-29T00:00:00+00:00;2021-10-22T10:39:25+00:00;Crouy-sur-Ourcq;704577;6888008;69435;77148;Crouy-sur-Ourcq;railStation
43115;1086377-1086376;2014-12-29T00:00:00+00:00;2021-10-22T10:39:16+00:00;Corbeil-Essonnes;661112;6834912;60309;91174;Corbeil-Essonnes;railStation
46731;1091051-1091193;2014-12-29T00:00:00+00:00;2021-10-22T10:39:12+00:00;Compans;675480;6876874;69136;77123;Compans;railStation
43113;1091050-1091169;2014-12-29T00:00:00+00:00;2021-10-22T10:39:10+00:00;Colombes;645724;6869585;72244;92025;Colombes;railStation
47883;1119558-1119559;2014-12-29T00:00:00+00:00;2021-10-22T10:38:58+00:00;Chaville - Vélizy;640020;6855821;69487;78686;Viroflay;railStation
43108;43108-1089089;2014-12-29T15:31:51+00:00;2021-10-22T10:38:56+00:00;Chaville Rive Gauche;640467;6856429;73718;92022;Chaville;railStation
47591;47591-67016;2014-12-29T15:31:51+00:00;2021-10-22T10:38:53+00:00;Chaponval;637236;6885816;67016;95039;Auvers-sur-Oise;railStation
47928;1119550-1274415;2014-12-29T00:00:00+00:00;2021-10-22T10:38:52+00:00;Changis - Saint-Jean;701910;6873246;68980;77084;Changis-sur-Marne;railStation
43100;1086042-1086041;2014-12-29T00:00:00+00:00;2021-10-22T10:38:34+00:00;Bréval;593192;6872484;65051;78107;Bréval;railStation
47924;1085176-1085177;2014-12-29T00:00:00+00:00;2021-10-22T10:38:24+00:00;Boussy-Saint-Antoine;665633;6842403;62596;91097;Boussy-Saint-Antoine;railStation
47517;1119542-1119543;2014-12-29T00:00:00+00:00;2021-10-22T10:38:16+00:00;Bouffémont - Moisselles;650499;6883015;66795;95091;Bouffémont;railStation
46984;1087957-1087895;2014-12-29T00:00:00+00:00;2021-10-22T10:38:15+00:00;Bonnières;596329;6883035;66741;78089;Bonnières-sur-Seine;railStation
43091;1087585-1087567;2014-12-29T00:00:00+00:00;2021-10-22T10:38:05+00:00;Bièvres;642371;6850370;63404;91064;Bièvres;railStation
47926;1307237-1416452;2014-12-29T00:00:00+00:00;2021-07-28T10:53:31+00:00;Gare de Chailly Boissy le Chatel;711199;6857152;67942;77070;Chailly-en-Brie;railStation
411501;1098912-1098913;2015-01-26T00:00:00+00:00;2019-04-24T10:43:01+00:00;Saint-Piat;595930;6827854;411502;28357;Saint-Piat;railStation
411452;1085931-1085930;2015-01-26T00:00:00+00:00;2019-04-24T10:42:59+00:00;Sens;719866;6788686;411453;89387;Sens;railStation
411504;413114-413116;2015-01-26T15:12:05+00:00;2019-04-24T10:42:45+00:00;La Villette Saint-Prest;590956;6821276;411505;28358;Saint-Prest;railStation
47938;1098611-1098612;2014-12-29T00:00:00+00:00;2019-04-24T10:42:44+00:00;La Ferté-Gaucher;721865;6853665;73754;77182;La Ferté-Gaucher;railStation
411461;1085944-1085945;2015-01-26T00:00:00+00:00;2019-04-24T10:42:32+00:00;Champigny-sur-Yonne;709647;6802662;411462;89074;Champigny;railStation
411317;1087035-1087036;2015-01-26T00:00:00+00:00;2019-04-24T10:42:27+00:00;Beauvais;633841;6925581;411318;60057;Beauvais;railStation
58718;1119719-1304195;2014-12-29T00:00:00+00:00;2026-06-16T09:18:36+00:00;Haussmann Saint-Lazare;650758;6864095;73688;75109;Paris 9e;railStation
43216;1801069-1099979;2014-12-29T00:00:00+00:00;2026-05-20T09:26:41+00:00;Vaucresson;637806;6859959;70705;92076;Vaucresson;railStation
45493;1801063-1178429;2014-12-29T15:31:51+00:00;2026-05-20T09:24:47+00:00;Pont Cardinet;649620;6865595;71475;75117;Paris 17e;railStation
43112;1801037-1119563;2014-12-29T00:00:00+00:00;2026-05-20T09:16:07+00:00;Clichy - Levallois;648494;6866617;72073;92044;Levallois-Perret;railStation
43241;1801032-69503;2014-12-29T15:31:51+00:00;2026-05-20T09:15:48+00:00;Chaville Rive Droite;640415;6857298;69503;92022;Chaville;railStation
44877;1347558-655066;2014-12-29T00:00:00+00:00;2026-04-27T15:17:01+00:00;Saint-Michel Notre-Dame;651934;6861642;73620;75105;Paris 5e;railStation
43203;1604668-1098891;2014-12-29T00:00:00+00:00;2024-08-13T12:53:45+00:00;Saint-Ouen;650349;6867386;72126;93070;Saint-Ouen;railStation
45824;1570774-1096324;2014-12-29T00:00:00+00:00;2024-05-14T06:40:34+00:00;Le Coudray-Montceaux;662550;6829673;59953;91179;Le Coudray-Montceaux;railStation
47115;1570770-1119830;2014-12-29T00:00:00+00:00;2024-05-14T06:37:34+00:00;Saint-Martin d'Étampes;636769;6814476;59531;91223;Étampes;railStation
47046;47046-62825;2014-12-29T15:31:51+00:00;2024-04-11T08:09:37+00:00;La Hacquinière;637559;6844241;62825;91122;Bures-sur-Yvette;railStation
47940;1119732-1119733;2014-12-29T00:00:00+00:00;2024-04-11T08:09:37+00:00;Massy - Verrières;646605;6848560;63320;91377;Massy;railStation
58792;1119855-1119856;2014-12-29T00:00:00+00:00;2024-04-11T08:09:37+00:00;Sucy - Bonneuil;663805;6852553;72929;94071;Sucy-en-Brie;railStation
43146;1119620-1119621;2014-12-29T00:00:00+00:00;2024-04-11T08:09:37+00:00;La Varenne - Chennevières;664242;6855137;72998;94068;Saint-Maur-des-Fossés;railStation
43066;1103098-1103099;2014-12-29T00:00:00+00:00;2024-04-11T08:09:37+00:00;Antony;648604;6850730;69759;92002;Antony;railStation
43067;1119536-1119537;2014-12-29T00:00:00+00:00;2024-04-11T08:09:37+00:00;Arcueil - Cachan;650645;6855611;70263;94016;Cachan;railStation
43213;999512-1549391;2014-12-29T00:00:00+00:00;2024-04-11T08:09:37+00:00;Val d'Europe;683301;6861669;68266;77111;Chessy;railStation
43234;43234-70359;2014-12-29T15:31:51+00:00;2024-04-11T08:09:37+00:00;Le Parc de Saint-Maur;662294;6856270;70359;94068;Saint-Maur-des-Fossés;railStation
470195;1347557-655322;2019-03-06T00:00:00+00:00;2024-04-11T08:09:37+00:00;Gare de Lyon;654230;6860553;73626;75112;Paris 12e;railStation
473875;1106207-71673;2019-03-26T00:00:00+00:00;2024-04-11T08:09:37+00:00;Nation;655671;6861079;71673;75112;Paris 12e;railStation
473890;1239085-1244774;2019-03-26T00:00:00+00:00;2024-04-11T08:09:37+00:00;Denfert-Rochereau;651054;6859443;71056;75114;Paris 14e;railStation
47158;1524030-1087767;2014-12-29T00:00:00+00:00;2023-12-28T09:55:38+00:00;Nangis;700898;6829055;62168;77327;Nangis;railStation
46847;1490098-1183909;2014-12-29T00:00:00+00:00;2023-07-27T09:55:05+00:00;Gare de Villiers Neauphle Pontchartrain;617578;6857836;424296;78683;Villiers-Saint-Frédéric;railStation
43204;43204-655337;2014-12-29T15:31:51+00:00;2023-03-03T14:39:42+00:00;Stade de France Saint-Denis;652396;6868830;72206;93066;Saint-Denis;railStation
47964;1119872-1274427;2014-12-29T00:00:00+00:00;2022-02-15T16:26:02+00:00;Vernouillet - Verneuil;625555;6876225;65691;78642;Verneuil-sur-Seine;railStation
43154;1119723-1533244;2014-12-29T00:00:00+00:00;2022-01-19T15:38:52+00:00;Maisons-Alfort - Alfortville;657872;6855942;73625;94002;Alfortville;railStation
43251;1119613-1119614;2014-12-29T00:00:00+00:00;2022-01-19T15:38:28+00:00;Garges - Sarcelles;655342;6875326;65582;95268;Garges-lès-Gonesse;railStation
43238;1347565-1115729;2014-12-29T00:00:00+00:00;2021-10-25T17:04:29+00:00;Gare Montparnasse;649824;6860035;71139;75115;Paris 15e;railStation
43226;1106279-1106280;2014-12-29T00:00:00+00:00;2021-10-22T11:00:02+00:00;Yerres;661970;6845270;63044;91691;Yerres;railStation
46725;1119876-1119877;2014-12-29T00:00:00+00:00;2021-10-22T10:59:40+00:00;Villeparisis - Mitry-le-Neuf;670940;6872651;68916;77294;Mitry-Mory;railStation
47904;1100299-1100300;2014-12-29T00:00:00+00:00;2021-10-22T10:59:33+00:00;Villabé;660291;6832647;60124;91659;Villabé;railStation
43220;43220-73721;2014-12-29T15:31:51+00:00;2021-10-22T10:59:27+00:00;Versailles Château Rive Gauche;636107;6855889;73721;78646;Versailles;railStation
43217;1099996-1099997;2014-12-29T00:00:00+00:00;2021-10-22T10:59:24+00:00;Vaux-sur-Seine;624135;6879102;66338;78638;Vaux-sur-Seine;railStation
47922;1099760-1099761;2014-12-29T00:00:00+00:00;2021-10-22T10:59:16+00:00;Us;624819;6889348;67131;95625;Us;railStation
47962;1099758-1099759;2014-12-29T00:00:00+00:00;2021-10-22T10:59:16+00:00;Trilport;696315;6873358;68984;77475;Trilport;railStation
43208;1099636-1099637;2014-12-29T00:00:00+00:00;2021-10-22T10:59:12+00:00;Tournan;682269;6848841;67625;77470;Tournan-en-Brie;railStation
47961;1274423-1274424;2014-12-29T00:00:00+00:00;2021-10-22T10:59:09+00:00;Thomery;682544;6810469;61480;77186;Fontainebleau;railStation
43206;1099552-1099553;2014-12-29T00:00:00+00:00;2021-10-22T10:59:08+00:00;Taverny;643121;6880844;66557;95607;Taverny;railStation
47665;1119849-1119850;2014-12-29T00:00:00+00:00;2021-10-22T10:58:56+00:00;Savigny-le-Temple - Nandy;669319;6832890;62290;77445;Savigny-le-Temple;railStation
47953;1098809-1098765;2014-12-29T00:00:00+00:00;2021-10-22T10:58:40+00:00;Saint-Mammès;686414;6809165;61423;77419;Saint-Mammès;railStation
45814;45814-62172;2014-12-29T15:31:51+00:00;2021-10-22T10:58:36+00:00;Saint-Fargeau;666252;6829520;62172;77407;Saint-Fargeau-Ponthierry;railStation
43183;43183-63886;2014-12-29T15:31:51+00:00;2021-10-22T10:53:23+00:00;Porchefontaine;637725;6855496;63886;78646;Versailles;railStation
43180;1096400-1096399;2014-12-29T00:00:00+00:00;2021-10-22T10:53:13+00:00;Pierrelaye;638159;6880250;66491;95488;Pierrelaye;railStation
44201;1106464-1106463;2014-12-29T00:00:00+00:00;2021-10-22T10:53:03+00:00;Noisy-le-Sec;660350;6866431;72041;93053;Noisy-le-Sec;railStation
47942;1095458-1095457;2014-12-29T00:00:00+00:00;2021-10-22T10:52:44+00:00;Mortcerf;693202;6854393;67805;77318;Mortcerf;railStation
47125;1095160-1095161;2014-12-29T00:00:00+00:00;2021-10-22T10:52:38+00:00;Montigny-sur-Loing;680609;6804052;61327;77312;Montigny-sur-Loing;railStation
46850;1119738-1119739;2014-12-29T00:00:00+00:00;2021-10-22T10:52:34+00:00;Montfort-l'Amaury - Méré;613026;6856495;63955;78389;Méré;railStation
46897;1119734-1119735;2014-12-29T00:00:00+00:00;2021-10-22T10:52:31+00:00;Meulan - Hardricourt;619678;6878991;66321;78299;Hardricourt;railStation
43161;1106638-1647360;2014-12-29T00:00:00+00:00;2021-10-22T10:52:26+00:00;Meaux;690722;6872970;68963;77284;Meaux;railStation
43159;1115707-1244783;2014-12-29T00:00:00+00:00;2021-10-22T10:52:21+00:00;Marolles-en-Hurepoix;647681;6829726;59948;91376;Marolles-en-Hurepoix;railStation
43236;1097649-1097648;2014-12-29T00:00:00+00:00;2021-10-22T10:51:47+00:00;Le Stade;645852;6870447;72287;92025;Colombes;railStation
43149;1096095-1096097;2014-12-29T00:00:00+00:00;2021-10-22T10:51:36+00:00;Lardy;644986;6824746;59761;91330;Lardy;railStation
47939;1119618-1119619;2014-12-29T00:00:00+00:00;2021-10-22T10:51:30+00:00;La Norville - Saint-Germain-lès-Arpajon;645886;6832575;60115;91457;La Norville;railStation
43131;1092772-1092782;2014-12-29T00:00:00+00:00;2021-10-22T10:50:44+00:00;Gretz-Armainvilliers;679939;6849628;67658;77215;Gretz-Armainvilliers;railStation
43129;1162902-1092071;2014-12-29T00:00:00+00:00;2021-10-22T10:40:44+00:00;Gargenville;612828;6876554;65732;78267;Gargenville;railStation
43072;43072-71135;2014-12-29T15:31:51+00:00;2021-10-22T10:40:40+00:00;Gare d'Austerlitz;653600;6860215;71135;75113;Paris 13e;railStation
43044;1091839-1091847;2014-12-29T00:00:00+00:00;2021-10-22T10:40:39+00:00;Gagny;665195;6864961;73278;93032;Gagny;railStation
47884;1091697-1091698;2014-12-29T00:00:00+00:00;2021-10-22T10:40:38+00:00;Fontenay-le-Fleury;629548;6856783;63999;78242;Fontenay-le-Fleury;railStation
47906;1119595-1119596;2014-12-29T00:00:00+00:00;2021-10-22T10:40:28+00:00;Évry - Courcouronnes;657994;6836340;60450;91228;Evry-Courcouronnes;railStation
43079;1119582-1119583;2014-12-29T00:00:00+00:00;2021-10-22T10:39:46+00:00;Éragny - Neuville;633479;6880160;66484;95218;Éragny;railStation
43073;1119574-1119575;2014-12-29T00:00:00+00:00;2021-10-22T10:39:34+00:00;Écouen - Ézanville;653355;6880555;66533;95229;Ézanville;railStation
47447;1091306-1091323;2014-12-29T00:00:00+00:00;2021-10-22T10:39:15+00:00;Conflans-Sainte-Honorine;634049;6877820;66095;78172;Conflans-Sainte-Honorine;railStation
43114;43114-73605;2014-12-29T15:31:51+00:00;2021-10-22T10:39:13+00:00;Conflans Fin d'Oise;632280;6877200;73605;78172;Conflans-Sainte-Honorine;railStation
45771;1119564-1119565;2014-12-29T00:00:00+00:00;2021-10-22T10:39:11+00:00;Combs-la-Ville - Quincy;666693;6840946;62558;77122;Combs-la-Ville;railStation
47932;1091130-1091144;2014-12-29T00:00:00+00:00;2021-10-22T10:39:09+00:00;Coignières;620691;6849834;63369;78168;Coignières;railStation
43111;1091057-1549511;2014-12-29T00:00:00+00:00;2021-10-22T10:39:07+00:00;Clamart;646706;6857373;70505;92023;Clamart;railStation
46035;46035-69682;2014-12-29T15:31:51+00:00;2021-10-22T10:39:01+00:00;Chemin d'Antony;649462;6849978;69682;92002;Antony;railStation
43106;1088898-1088837;2014-12-29T00:00:00+00:00;2021-10-22T10:38:50+00:00;Champagne-sur-Seine;685118;6811905;61537;77079;Champagne-sur-Seine;railStation
43105;43105-65752;2014-12-29T15:31:51+00:00;2021-10-22T10:38:41+00:00;Cernay;645619;6876391;65752;95219;Ermont;railStation
47897;47897-66858;2014-12-29T15:31:51+00:00;2021-10-22T10:38:40+00:00;Cergy Saint-Christophe;629423;6883739;66858;95127;Cergy;railStation
43104;43104-841013;2014-12-29T15:31:51+00:00;2021-10-22T10:38:39+00:00;Cergy le Haut;627744;6883603;66834;95127;Cergy;railStation
47533;1088265-1088266;2014-12-29T00:00:00+00:00;2021-10-22T10:38:36+00:00;Bruyères-sur-Oise;650744;6895249;67325;95116;Bruyères-sur-Oise;railStation
47925;1119544-1119545;2014-12-29T00:00:00+00:00;2021-10-22T10:38:30+00:00;Breuillet - Bruyères-le-Châtel;640416;6831126;60028;91105;Breuillet;railStation
411446;1085529-1085530;2015-01-26T00:00:00+00:00;2021-10-22T10:38:13+00:00;Bonneval;580080;6788566;411447;28051;Bonneval;railStation
51238;1087675-1087680;2014-12-29T00:00:00+00:00;2021-10-22T10:38:08+00:00;Bois-Colombes;646618;6868491;72179;92009;Bois-Colombes;railStation
47524;1119540-1119541;2014-12-29T00:00:00+00:00;2021-10-22T10:38:02+00:00;Belloy - Saint-Martin;653356;6888917;67126;95056;Belloy-en-France;railStation
47119;1086892-1086949;2014-12-29T00:00:00+00:00;2021-10-22T10:37:44+00:00;Bagneaux-sur-Loing;678022;6792157;61145;77016;Bagneaux-sur-Loing;railStation
43070;1119538-1119539;2014-12-29T00:00:00+00:00;2021-10-22T10:37:37+00:00;Aubergenville Élisabethville;615734;6875324;65490;78029;Aubergenville;railStation
46395;1085072-1085073;2014-12-29T00:00:00+00:00;2021-10-22T10:37:37+00:00;Athis-Mons;656124;6846002;63134;91027;Athis-Mons;railStation
47931;1307330-1307331;2014-12-29T00:00:00+00:00;2021-07-28T12:43:56+00:00;Gare de Chauffry;712835;6856815;73783;77436;Saint-Siméon;railStation
411498;1095310-1095311;2015-01-26T00:00:00+00:00;2019-07-03T10:57:02+00:00;Jouy;593451;6824270;411499;28201;Jouy;railStation
411458;1085954-1085955;2015-01-26T00:00:00+00:00;2019-04-24T10:42:56+00:00;Pont-sur-Yonne;714970;6798449;411459;89309;Pont-sur-Yonne;railStation
411467;1085939-1085940;2015-01-26T00:00:00+00:00;2019-04-24T10:42:42+00:00;Joigny;729374;6763769;411468;89206;Joigny;railStation
42164;1497338-1497337;2014-12-29T00:00:00+00:00;2025-05-13T15:43:19+00:00;Aéroport d’Orly (Terminaux 1-2-3);652891;6847909;63284;91479;Paray-Vieille-Poste;railStation
43097;1607888-1105903;2014-12-29T00:00:00+00:00;2024-09-07T16:26:04+00:00;Bourg-la-Reine;649466;6853572;70033;92014;Bourg-la-Reine;railStation
43201;1098709-1098710;2014-12-29T00:00:00+00:00;2024-09-01T12:39:46+00:00;Saint-Gratien;647703;6873981;65305;95555;Saint-Gratien;railStation
411488;1835301-1119607;2015-01-26T00:00:00+00:00;2026-08-25T13:26:34+00:00;Ferrières - Fontenay;683033;6777304;411489;45148;Fontenay-sur-Loing;railStation
411396;1835296-1091465;2015-01-26T00:00:00+00:00;2026-08-25T13:16:22+00:00;Crépy-en-Valois;691848;6903493;411397;60176;Crépy-en-Valois;railStation
59038;1835245-1119875;2014-12-29T00:00:00+00:00;2026-08-25T09:37:17+00:00;Vernon - Giverny;588819;6889048;74127;27681;Vernon;railStation
411348;1835244-1549500;2015-01-26T00:00:00+00:00;2026-08-25T09:36:46+00:00;Lavilletertre;621327;6900833;411349;60356;Lavilletertre;railStation
411428;1835237-1119555;2015-01-26T00:00:00+00:00;2026-08-25T09:18:58+00:00;Chantilly - Gouvieux;660594;6898723;411429;60141;Chantilly;railStation
47954;1822269-1822270;2014-12-29T00:00:00+00:00;2026-07-15T14:57:24+00:00;Saint-Nom-la-Bretèche - Forêt de Marly;630406;6863425;64382;78224;L'Étang-la-Ville;railStation
43078;1713127-1119579;2014-12-29T00:00:00+00:00;2026-01-08T09:27:00+00:00;Épinay - Villetaneuse;650845;6873317;65227;93031;Épinay-sur-Seine;railStation
43179;1713065-1119816;2014-12-29T00:00:00+00:00;2026-01-08T09:25:50+00:00;Pierrefitte - Stains;653893;6873830;72787;93066;Saint-Denis;railStation
473843;1105941-1336948;2019-03-25T00:00:00+00:00;2025-09-03T07:51:19+00:00;Cité Universitaire;651457;6858141;70623;75114;Paris 14e;railStation
